comune,provincia,regione,stato,lat,long
Torrecuso, Benevento, Campania, Italia,41.18974,14.6800554
Vitulano, Benevento, Campania, Italia,41.1739788,14.6456236
Sant'Arcangelo Trimonte, Benevento, Campania, Italia,41.1655125,14.9390381
Ailano, Caserta, Campania, Italia,41.3906237,14.2031994
Alife, Caserta, Campania, Italia,41.32612,14.334026
Alvignano, Caserta, Campania, Italia,41.2193419,14.3527371
Arienzo, Caserta, Campania, Italia,41.0242566,14.4970522
Aversa, Caserta, Campania, Italia,40.973212,14.204928
Baia e Latina, Caserta, Campania, Italia,41.302919,14.252124
Bellona, Caserta, Campania, Italia,41.160016,14.232326
Caianello, Caserta, Campania, Italia,41.3002337,14.0884424
Caiazzo, Caserta, Campania, Italia,41.1783215,14.3649478
Calvi Risorta, Caserta, Campania, Italia,41.216538,14.1287306
Camigliano, Caserta, Campania, Italia,41.179816,14.209525
Cancello ed Arnone, Caserta, Campania, Italia,41.074112,14.027423
Capodrise, Caserta, Campania, Italia,41.0441395,14.303337
Capriati a Volturno, Caserta, Campania, Italia,41.468622,14.14542
Capua, Caserta, Campania, Italia,41.1079984,14.2097176
Carinaro, Caserta, Campania, Italia,40.9835844,14.2189907
Carinola, Caserta, Campania, Italia,41.1706771,14.0154591
Casagiove, Caserta, Campania, Italia,41.074715,14.307729
Casal di Principe, Caserta, Campania, Italia,41.011412,14.124825
Casaluce, Caserta, Campania, Italia,41.001912,14.198027
Casapulla, Caserta, Campania, Italia,41.075314,14.289728
Caserta, Campania, Italia,,41.20348345,14.117057688141852
Castel Campagnano, Caserta, Campania, Italia,41.1815532,14.4525036
Castel di Sasso, Caserta, Campania, Italia,41.1922878,14.2806442
Castello del Matese, Caserta, Campania, Italia,41.366721,14.377726
Castel Morrone, Caserta, Campania, Italia,41.121016,14.354729
Castel Volturno, Caserta, Campania, Italia,41.034313,13.9408351
Cervino, Caserta, Campania, Italia,41.040015,14.424032
Cesa, Caserta, Campania, Italia,40.964412,14.230128
Ciorlano, Caserta, Campania, Italia,41.450221,14.15832
Conca della Campania, Caserta, Campania, Italia,41.352332450000006,13.996594980795216
Curti, Caserta, Campania, Italia,41.072914,14.273928
Dragoni, Reggio di Calabria, Calabria, Italia,38.3163115,16.2890157
Fontegreca, Caserta, Campania, Italia,41.4566501,14.181518
Formicola, Caserta, Campania, Italia,41.2104397,14.2327981
Francolise, Caserta, Campania, Italia,41.185015,14.056722
Frignano, Caserta, Campania, Italia,40.9979333,14.1793758
Gallo Matese, Caserta, Campania, Italia,41.464522,14.225022
Galluccio, Caserta, Campania, Italia,41.352318,13.953717
Giano Vetusto, Caserta, Campania, Italia,41.202716,14.193424
Gioia Sannitica, Caserta, Campania, Italia,41.30012,14.444129
Grazzanise, Caserta, Campania, Italia,41.089413,14.100324
Gricignano di Aversa, Caserta, Campania, Italia,40.9800924,14.2337107
Letino, Caserta, Campania, Italia,41.453022,14.255422
Liberi, Caserta, Campania, Italia,41.227818,14.290026
Lusciano, Caserta, Campania, Italia,40.970012,14.190427
Macerata Campania, Caserta, Campania, Italia,41.063314,14.273728
Maddaloni, Caserta, Campania, Italia,41.0398815,14.3792066
Marcianise, Caserta, Campania, Italia,41.0329966,14.2984228
Marzano Appio, Caserta, Campania, Italia,41.32003775,14.052278605683721
Mignano Monte Lungo, Caserta, Campania, Italia,41.405919,13.985517
Mondragone, Caserta, Campania, Italia,41.114112,13.893519
Orta di Atella, Caserta, Campania, Italia,40.966512,14.268029
Parete, Caserta, Campania, Italia,40.958911,14.161927
Pastorano, Caserta, Campania, Italia,41.180816,14.198225
Piana di Monte Verna, Caserta, Campania, Italia,41.167117,14.333728
Piedimonte Matese, Caserta, Campania, Italia,41.3508191,14.3680321
Pietramelara, Caserta, Campania, Italia,41.2717278,14.1880047
Pietravairano, Caserta, Campania, Italia,41.325219,14.165922
Pignataro Maggiore, Caserta, Campania, Italia,41.190816,14.172324
Pontelatone, Caserta, Campania, Italia,41.193517,14.251726
Portico di Caserta, Caserta, Campania, Italia,41.056514,14.279428
Prata Sannita, Caserta, Campania, Italia,41.432821,14.202722
Pratella, Caserta, Campania, Italia,41.4058248,14.1780969
Presenzano, Caserta, Campania, Italia,41.376619,14.07642
Raviscanina, Caserta, Campania, Italia,41.37939845,14.233533231940122
Recale, Caserta, Campania, Italia,41.055114,14.304029
Riardo, Caserta, Campania, Italia,41.262717,14.151923
Rocca d'Evandro, Caserta, Campania, Italia,41.389018,13.908116
Roccamonfina, Caserta, Campania, Italia,41.2884039,13.9828383
Roccaromana, Caserta, Campania, Italia,41.2739626,14.2222886
Rocchetta e Croce, Caserta, Campania, Italia,41.2341723,14.169837643471025
Ruviano, Caserta, Campania, Italia,41.210318,14.409229
San Cipriano d'Aversa, Caserta, Campania, Italia,40.998812,14.131726
San Felice a Cancello, Caserta, Campania, Italia,41.0123935,14.4829931
San Gregorio Matese, Caserta, Campania, Italia,41.3852284,14.3750496
San Marcellino, Caserta, Campania, Italia,40.9864545,14.1753318
San Nicola La Strada, Caserta, Campania, Italia,41.051814,14.331329
San Pietro Infine, Caserta, Campania, Italia,41.44592,13.961516
San Potito Sannitico, Caserta, Campania, Italia,41.337736,14.3929016
San Prisco, Caserta, Campania, Italia,41.087115,14.278228
Santa Maria a Vico, Caserta, Campania, Italia,41.0268566,14.4651862
Santa Maria Capua Vetere, Caserta, Campania, Italia,41.0799225,14.2563971
Santa Maria La Fossa, Caserta, Campania, Italia,41.091714,14.128224
San Tammaro, Caserta, Campania, Italia,41.0759018,14.2316709
Sant'Angelo d'Alife, Caserta, Campania, Italia,41.3592004,14.2635865
Sant'Arpino, Caserta, Campania, Italia,40.959512,14.248929
Sessa Aurunca, Caserta, Campania, Italia,41.2369344,13.9347304
Sparanise, Caserta, Campania, Italia,41.186815,14.093722
Succivo, Caserta, Campania, Italia,40.968012,14.255629
Teano, Caserta, Campania, Italia,41.2510841,14.0671513
Teverola, Caserta, Campania, Italia,40.9955725,14.2073729
Tora e Piccilli, Caserta, Campania, Italia,41.3386094,14.0224981
Trentola Ducenta, Caserta, Campania, Italia,40.9762301,14.1771658
Vairano Patenora, Caserta, Campania, Italia,41.337019,14.131121
Valle Agricola, Caserta, Campania, Italia,41.425021,14.255023
Valle di Maddaloni, Caserta, Campania, Italia,41.079515,14.415631
Villa di Briano, Caserta, Campania, Italia,41.000012,14.160726
Villa Literno, Caserta, Campania, Italia,41.009912,14.080525
Vitulazio, Caserta, Campania, Italia,41.164116,14.216925
Falciano del Massico, Caserta, Campania, Italia,41.165122,13.9494528
Cellole, Caserta, Campania, Italia,41.204814,13.854317
Casapesenna, Caserta, Campania, Italia,40.991512,14.136126
San Marco Evangelista, Caserta, Campania, Italia,41.0370179,14.3362944
Anacapri, Napoli, Campania, Italia,40.5557701,14.213604
Caprie, Torino, Piemonte, Italia,45.118845,7.331914
Napoli, Campania, Italia,,40.8359336,14.2487826
Acerra, Napoli, Campania, Italia,40.9460532,14.3750083
Afragola, Napoli, Campania, Italia,40.926012,14.310831
Arzano, Napoli, Campania, Italia,40.9160204,14.2680178
Bacoli, Napoli, Campania, Italia,40.7966129,14.0777834
Barano d'Ischia, Napoli, Campania, Italia,40.7090178,13.9186022
Caivano, Napoli, Campania, Italia,40.957112,14.31023
Calvizzano, Napoli, Campania, Italia,40.9056961,14.1932896
Cardito, Napoli, Campania, Italia,40.942012,14.29943
Casalnuovo di Napoli, Napoli, Campania, Italia,40.9148194,14.3511247
Casamicciola Terme, Napoli, Campania, Italia,40.7473561,13.9075118
Casandrino, Napoli, Campania, Italia,40.9358637,14.2488046
Casavatore, Napoli, Campania, Italia,40.899211,14.27663
Casoria, Napoli, Campania, Italia,40.9045572,14.2901223
Crispano, Napoli, Campania, Italia,40.952512,14.28993
Forio, Napoli, Campania, Italia,40.7368416,13.8581354
Frattamaggiore, Napoli, Campania, Italia,40.9414265,14.2722092
Frattaminore, Napoli, Campania, Italia,40.9557397,14.270948
Giugliano in Campania, Napoli, Campania, Italia,40.9286872,14.2006989
Grumo Nevano, Napoli, Campania, Italia,40.9381543,14.2592688
Ischia, Napoli, Campania, Italia,40.734205,13.947125
Lacco Ameno, Napoli, Campania, Italia,40.7509699,13.8900602
Marano di Napoli, Napoli, Campania, Italia,40.89761,14.190528
Melito di Napoli, Napoli, Campania, Italia,40.920511,14.230029
Monte di Procida, Napoli, Campania, Italia,40.800907,14.051827
Mugnano di Napoli, Napoli, Campania, Italia,40.9093004,14.2068354
Pozzuoli, Napoli, Campania, Italia,40.822643,14.1219109
Procida, Napoli, Campania, Italia,40.7649991,14.0239063
Qualiano, Napoli, Campania, Italia,40.9188361,14.1536107
Quarto, Napoli, Campania, Italia,40.8771936,14.1401591
Sant'Antimo, Napoli, Campania, Italia,40.945711,14.231429
Serrara Fontana, Napoli, Campania, Italia,40.7179446,13.8935262
Villaricca, Napoli, Campania, Italia,40.921611,14.189828
Agerola, Napoli, Campania, Italia,40.637707,14.538839
Boscoreale, Napoli, Campania, Italia,40.7740398,14.4774318
Boscotrecase, Napoli, Campania, Italia,40.77431,14.462036
Brusciano, Napoli, Campania, Italia,40.923212,14.423933
Camposano, Napoli, Campania, Italia,40.9537434,14.5291542
Carbonara di Nola, Napoli, Campania, Italia,40.8742285,14.5786305
Casamarciano, Napoli, Campania, Italia,40.9316178,14.5534765
Casola di Napoli, Napoli, Campania, Italia,40.6960371,14.5334469
Castellammare di Stabia, Napoli, Campania, Italia,40.6943046,14.4804813
Castello di Cisterna, Napoli, Campania, Italia,40.915112,14.406233
Cercola, Napoli, Campania, Italia,40.8576817,14.3551577
Cicciano, Napoli, Campania, Italia,40.964714,14.538935
Cimitile, Napoli, Campania, Italia,40.940513,14.525435
Comiziano, Napoli, Campania, Italia,40.9521422,14.551436
Gragnano, Napoli, Campania, Italia,40.6899999,14.5210654
Lettere, Napoli, Campania, Italia,40.704909,14.544939
Oliveri, Messina, Sicilia, Italia,38.1234806,15.0608492
Mariglianella, Napoli, Campania, Italia,40.929513,14.435833
Marigliano, Napoli, Campania, Italia,40.9249138,14.4568673
Massa Lubrense, Napoli, Campania, Italia,40.6110361,14.3450889
Meta, Napoli, Campania, Italia,40.639206,14.418237
Nola, Napoli, Campania, Italia,40.9210826,14.5327402
Ottaviano, Napoli, Campania, Italia,40.8498175,14.4901274
Palma Campania, Napoli, Campania, Italia,40.8649172,14.5487326
Piano di Sorrento, Napoli, Campania, Italia,40.6326446,14.411091
Piemonte, Italia,,,45.060735,7.923549
Poggiomarino, Napoli, Campania, Italia,40.803111,14.539037
Pollena Trocchia, Napoli, Campania, Italia,40.8546349,14.3794683
Pomigliano d'Arco, Napoli, Campania, Italia,40.907912,14.386233
Pompei, Napoli, Campania, Italia,40.7491267,14.5006415
Portici, Napoli, Campania, Italia,40.8189733,14.3387454
Ercolano, Napoli, Campania, Italia,40.8053613,14.347103624843179
Roccarainola, Napoli, Campania, Italia,40.971255,14.5610262
San Gennaro Vesuviano, Napoli, Campania, Italia,40.8604005,14.5291676
San Giorgio a Cremano, Napoli, Campania, Italia,40.8292962,14.3341677
San Giuseppe Vesuviano, Napoli, Campania, Italia,40.829811,14.504436
San Paolo Bel Sito, Napoli, Campania, Italia,40.914813,14.546736
San Sebastiano al Vesuvio, Napoli, Campania, Italia,40.8435649,14.3699499
Sant'Agnello, Napoli, Campania, Italia,40.630006,14.397136
Sant'Anastasia, Napoli, Campania, Italia,40.866911,14.404833
Sant'Antonio Abate, Napoli, Campania, Italia,40.723709,14.546538
San Vitaliano, Napoli, Campania, Italia,40.927213,14.480134
Saviano, Napoli, Campania, Italia,40.905613,14.505035
Scisciano, Napoli, Campania, Italia,40.916013,14.485735
Somma Vesuviana, Napoli, Campania, Italia,40.8716147,14.4361417
Sorrento, Napoli, Campania, Italia,40.624906,14.374836
Striano, Napoli, Campania, Italia,40.8158549,14.5764685
Terzigno, Napoli, Campania, Italia,40.8124424,14.4964843
Torre Annunziata, Napoli, Campania, Italia,40.7525236,14.4550044
Torre del Greco, Napoli, Campania, Italia,40.7879211,14.3682813
Tufino, Napoli, Campania, Italia,40.954114,14.565936
Vico Equense, Napoli, Campania, Italia,40.6622961,14.4263825
Visciano, Napoli, Campania, Italia,40.925414,14.582837
Volla, Napoli, Campania, Italia,40.878411,14.342932
Santa Maria la Carità, Napoli, Campania, Italia,40.7210029,14.5128197
Trecase, Napoli, Campania, Italia,40.7708909,14.4396509
Massa di Somma, Napoli, Campania, Italia,40.8476313,14.3743024
Acerno, Salerno, Campania, Italia,40.737713,15.056949
Agropoli, Salerno, Campania, Italia,40.346905,14.996553
Albanella, Salerno, Campania, Italia,40.4784224,15.1166081
Alfano, Salerno, Campania, Italia,40.177505,15.425165
Altavilla Silentina, Salerno, Campania, Italia,40.5302405,15.1310307
Amalfi, Salerno, Campania, Italia,40.63367,14.6026095
Angri, Salerno, Campania, Italia,40.7376592,14.5722829
Aquara, Salerno, Campania, Italia,40.443909,15.253857
Ascea, Salerno, Campania, Italia,40.1416021,15.18576
Atena Lucana, Salerno, Campania, Italia,40.455111,15.557264
Atrani, Salerno, Campania, Italia,40.636908,14.607541
Auletta, Salerno, Campania, Italia,40.5588409,15.4248901
Baronissi, Salerno, Campania, Italia,40.7469385,14.7699874
Battipaglia, Salerno, Campania, Italia,40.6092539,14.9821443
Bellosguardo, Salerno, Campania, Italia,40.423309,15.314159
Bracigliano, Salerno, Campania, Italia,40.823512,14.705441
Buccino, Salerno, Campania, Italia,40.632913,15.369658
Buonabitacolo, Salerno, Campania, Italia,40.271308,15.619968
Caggiano, Salerno, Campania, Italia,40.567813,15.493361
Calvanico, Salerno, Campania, Italia,40.775212,14.827944
Camerota, Salerno, Campania, Italia,40.032501,15.372765
Campagna, Salerno, Campania, Italia,40.6647292,15.1071455
Campora, Salerno, Campania, Italia,40.305406,15.29236
Cannalonga, Salerno, Campania, Italia,40.2442983,15.293675
Capaccio Paestum, Salerno, Campania, Italia,40.44386235,15.040038348299316
Casalbuono, Salerno, Campania, Italia,40.2157502,15.6815866
Casaletto Spartano, Salerno, Campania, Italia,40.150705,15.618669
Casal Velino, Salerno, Campania, Italia,40.1909074,15.1093738
Caselle in Pittari, Salerno, Campania, Italia,40.1725386,15.5457516
Castelcivita, Salerno, Campania, Italia,40.49421,15.234456
Castellabate, Salerno, Campania, Italia,40.2761267,14.9581191
Castelnuovo Cilento, Salerno, Campania, Italia,40.2195354,15.1771512
Castelnuovo di Conza, Salerno, Campania, Italia,40.820617,15.318754
Castel San Giorgio, Salerno, Campania, Italia,40.783712,14.698841
Castel San Lorenzo, Salerno, Campania, Italia,40.418308,15.227157
Castiglione del Genovesi, Salerno, Campania, Italia,40.725511,14.848445
Cava de' Tirreni, Salerno, Campania, Italia,40.7004616,14.7062633
Celle di Bulgheria, Salerno, Campania, Italia,40.0954893,15.402705
Centola, Salerno, Campania, Italia,40.066502,15.311963
Ceraso, Salerno, Campania, Italia,40.194304,15.256061
Cetara, Salerno, Campania, Italia,40.6482139,14.7004154
Cicerale, Salerno, Campania, Italia,40.3438013,15.1292011
Colliano, Salerno, Campania, Italia,40.726115,15.291155
Conca dei Marini, Salerno, Campania, Italia,40.6176092,14.5725004
Controne, Salerno, Campania, Italia,40.50961,15.205556
Contursi Terme, Salerno, Campania, Italia,40.649513,15.239355
Corbara, Salerno, Campania, Italia,40.7247819,14.592763
Corleto Monforte, Salerno, Campania, Italia,40.437209,15.37956
Cuccaro Vetere, Salerno, Campania, Italia,40.1616815,15.3085471
Eboli, Salerno, Campania, Italia,40.6175146,15.0569438
Felitto, Salerno, Campania, Italia,40.373507,15.243058
Fisciano, Salerno, Campania, Italia,40.772812,14.799443
Furore, Salerno, Campania, Italia,40.618792,14.5533482
Futani, Salerno, Campania, Italia,40.150703,15.323163
Giffoni Sei Casali, Salerno, Campania, Italia,40.7191414,14.9059716
Giffoni Valle Piana, Salerno, Campania, Italia,40.718112,14.942347
Gioi, Salerno, Campania, Italia,40.289705,15.218059
Giungano, Salerno, Campania, Italia,40.394707,15.107155
Ispani, Salerno, Campania, Italia,40.087304,15.558269
Laureana Cilento, Salerno, Campania, Italia,40.2991564,15.0384551
Laurino, Salerno, Campania, Italia,40.336507,15.337161
Laurito, Salerno, Campania, Italia,40.168604,15.405964
Laviano, Salerno, Campania, Italia,40.7851278,15.307312
Lustra, Salerno, Campania, Italia,40.288304,15.068255
Magliano Vetere, Salerno, Campania, Italia,40.347007,15.236658
Maiori, Salerno, Campania, Italia,40.648908,14.640141
Mercato San Severino, Salerno, Campania, Italia,40.7833028,14.7557276
Minori, Salerno, Campania, Italia,40.652708,14.624941
Moio della Civitella, Salerno, Campania, Italia,40.247105,15.26886
Montano Antilia, Salerno, Campania, Italia,40.162304,15.365463
Montecorice, Salerno, Campania, Italia,40.2340242,14.984681
Montecorvino Pugliano, Salerno, Campania, Italia,40.6580561,14.9446088
Montecorvino Rovella, Salerno, Campania, Italia,40.6959126,14.9761046
Monteforte Cilento, Salerno, Campania, Italia,40.364807,15.194857
Monte San Giacomo, Salerno, Campania, Italia,40.344409,15.540465
Montesano sulla Marcellana, Salerno, Campania, Italia,40.2758889,15.7013753
Morigerati, Salerno, Campania, Italia,40.139949,15.5551821
Nocera Inferiore, Salerno, Campania, Italia,40.7472133,14.6433202
Nocera Superiore, Salerno, Campania, Italia,40.7415603,14.6715039
Novi Velia, Salerno, Campania, Italia,40.225105,15.288361
Ogliastro Cilento, Salerno, Campania, Italia,40.352405,15.043154
Olevano sul Tusciano, Salerno, Campania, Italia,40.6689045,15.0326148
Oliveto Citra, Salerno, Campania, Italia,40.6908078,15.2317822
Omignano, Salerno, Campania, Italia,40.248204,15.085156
Orria, Salerno, Campania, Italia,40.299705,15.171157
Ottati, Salerno, Campania, Italia,40.4628565,15.3152335
Padula, Salerno, Campania, Italia,40.3416425,15.658254
Pagani, Salerno, Campania, Italia,40.7498877,14.6133234
Palomonte, Salerno, Campania, Italia,40.662513,15.291856
Pellezzano, Salerno, Campania, Italia,40.725211,14.757443
Perdifumo, Salerno, Campania, Italia,40.2659861,15.015499
Perito, Salerno, Campania, Italia,40.297705,15.147657
Pertosa, Salerno, Campania, Italia,40.5428799,15.4489662
Petina, Salerno, Campania, Italia,40.532111,15.373459
Piaggine, Salerno, Campania, Italia,40.344808,15.378661
Pisciotta, Salerno, Campania, Italia,40.108902,15.234561
Polla, Salerno, Campania, Italia,40.517112,15.497962
Pollica, Salerno, Campania, Italia,40.190702,15.057156
Pontecagnano Faiano, Salerno, Campania, Italia,40.6409045,14.8818819
Positano, Salerno, Campania, Italia,40.6286581,14.4854955
Postiglione, Salerno, Campania, Italia,40.559011,15.232356
Praiano, Salerno, Campania, Italia,40.611107,14.53134
Prignano Cilento, Salerno, Campania, Italia,40.330905,15.068655
Ravello, Salerno, Campania, Italia,40.6496643,14.6122753
Ricigliano, Salerno, Campania, Italia,40.6684564,15.4814587
Roccadaspide, Salerno, Campania, Italia,40.4253639,15.1917851
Roccagloriosa, Salerno, Campania, Italia,40.108662,15.4333486
Roccapiemonte, Salerno, Campania, Italia,40.762465,14.6923748
Rofrano, Salerno, Campania, Italia,40.211405,15.427864
Romagnano al Monte, Salerno, Campania, Italia,40.6271882,15.4359594
Roscigno, Salerno, Campania, Italia,40.3990295,15.3459261
Rutino, Salerno, Campania, Italia,40.299704,15.072755
Sacco, Salerno, Campania, Italia,40.378108,15.377961
Sala Consilina, Salerno, Campania, Italia,40.3982208,15.5963693
Salento, Salerno, Campania, Italia,40.248604,15.190058
Salerno, Campania, Italia,,40.419441649999996,15.310756230322482
Salvitelle, Salerno, Campania, Italia,40.590913,15.45876
San Cipriano Picentino, Salerno, Campania, Italia,40.7200033,14.8700132
San Giovanni a Piro, Salerno, Campania, Italia,40.050302,15.450967
San Gregorio Magno, Salerno, Campania, Italia,40.6565233,15.403609
San Mango Piemonte, Salerno, Campania, Italia,40.701911,14.833745
San Marzano sul Sarno, Salerno, Campania, Italia,40.7752148,14.5873622
San Mauro Cilento, Salerno, Campania, Italia,40.2263548,15.0440771
San Mauro La Bruca, Salerno, Campania, Italia,40.1229374,15.2897501
San Pietro al Tanagro, Salerno, Campania, Italia,40.456811,15.480662
San Rufo, Salerno, Campania, Italia,40.43451,15.463662
Santa Marina, Salerno, Campania, Italia,40.104304,15.540468
Sant'Angelo a Fasanella, Salerno, Campania, Italia,40.45681,15.341459
Sant'Arsenio, Salerno, Campania, Italia,40.472911,15.484562
Sant'Egidio del Monte Albino, Salerno, Campania, Italia,40.7338419,14.597044
Santomenna, Salerno, Campania, Italia,40.808317,15.321454
San Valentino Torio, Salerno, Campania, Italia,40.793011,14.598039
Sanza, Salerno, Campania, Italia,40.244607,15.552666
Sapri, Salerno, Campania, Italia,40.0750785,15.6297747
Sarno, Salerno, Campania, Italia,40.810811,14.619839
Sassano, Salerno, Campania, Italia,40.337709,15.563066
Scafati, Salerno, Campania, Italia,40.7499887,14.5269491
Teatro alla Scala, Milano, Lombardia, Italia,45.46760475,9.189119523129573
Serramezzana, Salerno, Campania, Italia,40.2439478,15.0320589
Serre, Salerno, Campania, Italia,40.582511,15.185554
Sessa Cilento, Salerno, Campania, Italia,40.259204,15.075756
Siano, Salerno, Campania, Italia,40.8040262,14.6884317
Sicignano degli Alburni, Salerno, Campania, Italia,40.5810419,15.300396408040797
Stella Cilento, Salerno, Campania, Italia,40.231803,15.092857
Stio, Salerno, Campania, Italia,40.3100055,15.2526788
Teggiano, Salerno, Campania, Italia,40.379209,15.540465
Torchiara, Salerno, Campania, Italia,40.3229668,15.0523949
Torraca, Salerno, Campania, Italia,40.1125325,15.6352367
Torre Orsaia, Salerno, Campania, Italia,40.133304,15.473266
Tortorella, Salerno, Campania, Italia,40.142205,15.605669
Tramonti, Salerno, Campania, Italia,40.6997332,14.6415366
Trentinara, Salerno, Campania, Italia,40.4003951,15.1074658
Valle dell’Angelo, Salerno, Campania, Italia,40.343808,15.368461
Vallo della Lucania, Salerno, Campania, Italia,40.229704,15.26576
Valva, Salerno, Campania, Italia,40.738215,15.269454
Vibonati, Salerno, Campania, Italia,40.1002478,15.5831154
Vietri sul Mare, Salerno, Campania, Italia,40.6715477,14.7286002
Bellizzi, Salerno, Campania, Italia,40.6201805,14.948453
Brindisi, Puglia, Italia,,40.6362271,17.688500723698695
Carovigno, Brindisi, Puglia, Italia,40.7071852,17.656848
Ceglie Messapica, Brindisi, Puglia, Italia,40.6460444,17.5170566
Cellino San Marco, Brindisi, Puglia, Italia,40.472228,17.966318
Cisternino, Brindisi, Puglia, Italia,40.7429852,17.425745
Erchie, Brindisi, Puglia, Italia,40.4360421,17.7346286
Fasano, Brindisi, Puglia, Italia,40.834432,17.358399
Francavilla Fontana, Brindisi, Puglia, Italia,40.5301622,17.5826774
Latiano, Brindisi, Puglia, Italia,40.5537831,17.718222
Mesagne, Brindisi, Puglia, Italia,40.558829,17.808313
Oria, Brindisi, Puglia, Italia,40.497327,17.64131
Ostuni, Brindisi, Puglia, Italia,40.727631,17.576406
San Donaci, Brindisi, Puglia, Italia,40.4493805,17.9226065
San Michele Salentino, Brindisi, Puglia, Italia,40.6303856,17.6335762
San Pancrazio Salentino, Brindisi, Puglia, Italia,40.4191334,17.8393854
San Pietro Vernotico, Brindisi, Puglia, Italia,40.491529,17.998918
San Vito dei Normanni, Brindisi, Puglia, Italia,40.6562478,17.7037516
Torchiarolo, Brindisi, Puglia, Italia,40.484029,18.051619
Torre Santa Susanna, Brindisi, Puglia, Italia,40.465627,17.735612
Villa Castelli, Brindisi, Puglia, Italia,40.584527,17.474605
Avetrana, Taranto, Puglia, Italia,40.3499423,17.7273737
Carosino, Taranto, Puglia, Italia,40.465824,17.397605
Castellaneta, Taranto, Puglia, Italia,40.630424,16.9346775
Crispiano, Taranto, Puglia, Italia,40.6054798,17.2321346
Faggiano, Benevento, Campania, Italia,41.1096747,14.5217599
Fragagnano, Taranto, Puglia, Italia,40.431924,17.472207
Ginosa, Taranto, Puglia, Italia,40.5797514,16.7562077
Grottaglie, Taranto, Puglia, Italia,40.5361927,17.4342206
Laterza, Taranto, Puglia, Italia,40.629524,16.799689
Leporano, Taranto, Puglia, Italia,40.383922,17.334904
Lizzano, Taranto, Puglia, Italia,40.391023,17.447607
Manduria, Taranto, Puglia, Italia,40.401825,17.633511
Martina Franca, Taranto, Puglia, Italia,40.7042378,17.3399908
Maruggio, Taranto, Puglia, Italia,40.3222604,17.5723658
Massafra, Taranto, Puglia, Italia,40.5888311,17.1169895
Monteiasi, Taranto, Puglia, Italia,40.4997254,17.3810068
Montemesola, Taranto, Puglia, Italia,40.5630204,17.3392283
Monteparano, Taranto, Puglia, Italia,40.444024,17.415105
Mottola, Taranto, Puglia, Italia,40.633225,17.037195
Palagianello, Taranto, Puglia, Italia,40.6118909,16.9751176
Palagiano, Taranto, Puglia, Italia,40.578224,17.037395
Pulsano, Taranto, Puglia, Italia,40.3846927,17.3556699
Roccaforzata, Taranto, Puglia, Italia,40.437424,17.389605
San Giorgio Ionico, Taranto, Puglia, Italia,40.456624,17.378704
San Marzano di San Giuseppe, Taranto, Puglia, Italia,40.454425,17.505607
Sava, Taranto, Puglia, Italia,40.403424,17.558409
Taranto, Puglia, Italia,,40.54881555,17.08058012454743
Torricella, Taranto, Puglia, Italia,40.3540623,17.4993924
Statte, Taranto, Puglia, Italia,40.563225,17.209799
Andria, Barletta-Andria-Trani, Puglia, Italia,41.2276463,16.2954346
Barletta, Barletta-Andria-Trani, Puglia, Italia,41.3214976,16.2868696
Bisceglie, Barletta-Andria-Trani, Puglia, Italia,41.2402745,16.5010109
Canosa di Puglia, Barletta-Andria-Trani, Puglia, Italia,41.219631,16.067466
Margherita di Savoia, Barletta-Andria-Trani, Puglia, Italia,41.374235,16.150166
Minervino Murge, Barletta-Andria-Trani, Puglia, Italia,41.0850517,16.0777763
San Ferdinando di Puglia, Barletta-Andria-Trani, Puglia, Italia,41.302632,16.070465
Spinazzola, Barletta-Andria-Trani, Puglia, Italia,40.9691675,16.088007
Trani, Barletta-Andria-Trani, Puglia, Italia,41.275088,16.4162585
Trinitapoli, Barletta-Andria-Trani, Puglia, Italia,41.3588527,16.0874365
Acquaviva delle Fonti, Bari, Puglia, Italia,40.897829,16.842487
Adelfia, Bari, Puglia, Italia,41.0042654,16.8716526
Alberobello, Bari, Puglia, Italia,40.7841242,17.2377031
Altamura, Bari, Puglia, Italia,40.8285595,16.5527314
Bari, Puglia, Italia,,41.1257843,16.8620293
Binetto, Bari, Puglia, Italia,41.0241649,16.7095806
Bitetto, Bari, Puglia, Italia,41.0414078,16.7486991
Bitonto, Bari, Puglia, Italia,41.1084971,16.691548
Bitritto, Bari, Puglia, Italia,41.044532,16.825185
Capurso, Bari, Puglia, Italia,41.05032,16.9167417
Casamassima, Bari, Puglia, Italia,40.957131,16.920388
Cassano delle Murge, Bari, Puglia, Italia,40.8910105,16.7686188
Castellana Grotte, Bari, Puglia, Italia,40.886431,17.165495
Cellamare, Bari, Puglia, Italia,41.019333,16.928288
Conversano, Bari, Puglia, Italia,40.9683956,17.1137706
Corato, Bari, Puglia, Italia,41.1527614,16.4114643
Gioia del Colle, Bari, Puglia, Italia,40.796728,16.92359
Giovinazzo, Bari, Puglia, Italia,41.1875008,16.6716662
Gravina in Puglia, Bari, Puglia, Italia,40.819725,16.422779
Grumo Appula, Bari, Puglia, Italia,41.013531,16.708483
Locorotondo, Bari, Puglia, Italia,40.75523,17.3265
Modugno, Bari, Puglia, Italia,41.0825639,16.7805515
Mola di Bari, Bari, Puglia, Italia,41.0613232,17.0917111
Molfetta, Bari, Puglia, Italia,41.1992456,16.5968279
Monopoli, Bari, Puglia, Italia,40.9522369,17.299948
Noci, Bari, Puglia, Italia,40.7946798,17.1235566
Noicattaro, Bari, Puglia, Italia,41.0322873,16.9877123
Palo del Colle, Bari, Puglia, Italia,41.057532,16.700782
Poggiorsini, Bari, Puglia, Italia,40.917126,16.254774
Polignano a Mare, Bari, Puglia, Italia,40.9961185,17.2195857
Putignano, Bari, Puglia, Italia,40.85183,17.121294
Rutigliano, Bari, Puglia, Italia,41.0111589,17.0054792
Ruvo di Puglia, Bari, Puglia, Italia,41.1140866,16.4863974
Sammichele di Bari, Bari, Puglia, Italia,40.8879866,16.9494555
Sannicandro di Bari, Bari, Puglia, Italia,41.0005205,16.7976967
Santeramo in Colle, Bari, Puglia, Italia,40.793027,16.755286
Terlizzi, Bari, Puglia, Italia,41.1302336,16.5424713
Toritto, Bari, Puglia, Italia,40.9982301,16.6797789
Triggiano, Bari, Puglia, Italia,41.063448,16.9216976
Turi, Bari, Puglia, Italia,40.917331,17.021191
Valenzano, Bari, Puglia, Italia,41.045333,16.885086
Accadia, Foggia, Puglia, Italia,41.158824,15.33145
Alberona, Foggia, Puglia, Italia,41.432728,15.123042
Anzano di Puglia, Foggia, Puglia, Italia,41.122523,15.28445
Apricena, Foggia, Puglia, Italia,41.783938,15.443744
Ascoli Satriano, Foggia, Puglia, Italia,41.2061199,15.5616103
Biccari, Foggia, Puglia, Italia,41.396128,15.194444
Bovino, Foggia, Puglia, Italia,41.249926,15.341249
Cagnano Varano, Foggia, Puglia, Italia,41.828742,15.773151
Candela, Foggia, Puglia, Italia,41.137925,15.514654
Carapelle, Foggia, Puglia, Italia,41.3653134,15.6936756
Carlantino, Foggia, Puglia, Italia,41.5921177,14.9767652
Carpino, Foggia, Puglia, Italia,41.844242,15.856153
Casalnuovo Monterotaro, Foggia, Puglia, Italia,41.620232,15.103839
Casalvecchio di Puglia, Foggia, Puglia, Italia,41.593832,15.110539
Castelluccio dei Sauri, Foggia, Puglia, Italia,41.3039147,15.4792258
Castelluccio Valmaggiore, Foggia, Puglia, Italia,41.342327,15.199045
Castelnuovo della Daunia, Foggia, Puglia, Italia,41.582631,15.12084
Celenza Valfortore, Foggia, Puglia, Italia,41.56173,14.978837
Celle di San Vito, Foggia, Puglia, Italia,41.3259364,15.180998
Cerignola, Foggia, Puglia, Italia,41.2648121,15.8996651
Chieuti, Foggia, Puglia, Italia,41.844637,15.165937
Deliceto, Foggia, Puglia, Italia,41.223026,15.38585
Faeto, Foggia, Puglia, Italia,41.325426,15.159844
Foggia, Puglia, Italia,,41.50281055,15.452899609627728
Ischitella, Foggia, Puglia, Italia,41.904344,15.899453
Isole Tremiti, Foggia, Puglia, Italia,42.11480025,15.487123914464327
Lesina, Foggia, Puglia, Italia,41.859439,15.352741
Lucera, Foggia, Puglia, Italia,41.5082727,15.3376465
Manfredonia, Foggia, Puglia, Italia,41.6254728,15.9095926
Mattinata, Foggia, Puglia, Italia,41.710141,16.051559
Monteleone di Puglia, Foggia, Puglia, Italia,41.165424,15.258048
Monte Sant'Angelo, Foggia, Puglia, Italia,41.70544,15.967657
Motta Montecorvino, Foggia, Puglia, Italia,41.50743,15.114141
Orsara di Puglia, Foggia, Puglia, Italia,41.281626,15.264447
Orta Nova, Foggia, Puglia, Italia,41.32993,15.710656
Panni, Foggia, Puglia, Italia,41.222025,15.274648
Peschici, Foggia, Puglia, Italia,41.94743,16.0138829
Pietramontecorvino, Foggia, Puglia, Italia,41.541631,15.127541
Poggio Imperiale, Foggia, Puglia, Italia,41.8233236,15.3654175
Rignano Garganico, Foggia, Puglia, Italia,41.6770126,15.5875171
Rocchetta Sant'Antonio, Foggia, Puglia, Italia,41.103524,15.461754
Rodi Garganico, Foggia, Puglia, Italia,41.928745,15.881052
Roseto Valfortore, Foggia, Puglia, Italia,41.372427,15.096142
San Giovanni Rotondo, Foggia, Puglia, Italia,41.7069106,15.7288455
San Marco in Lamis, Foggia, Puglia, Italia,41.713138,15.63985
San Marco la Catola, Foggia, Puglia, Italia,41.524829,15.005938
San Nicandro Garganico, Foggia, Puglia, Italia,41.8384462,15.5653375
San Paolo di Civitate, Foggia, Puglia, Italia,41.738336,15.260241
San Severo, Foggia, Puglia, Italia,41.6897761,15.3776211
Sant'Agata di Puglia, Foggia, Puglia, Italia,41.151824,15.380251
Serracapriola, Foggia, Puglia, Italia,41.811937,15.160238
Stornara, Foggia, Puglia, Italia,41.288625,15.7680575
Stornarella, Foggia, Puglia, Italia,41.2563799,15.7297876
Torremaggiore, Foggia, Puglia, Italia,41.6874769,15.292956
Troia, Foggia, Puglia, Italia,41.363128,15.312347
Vico del Gargano, Foggia, Puglia, Italia,41.898344,15.957554
Vieste, Foggia, Puglia, Italia,41.8827595,16.1791791
Volturara Appula, Foggia, Puglia, Italia,41.496029,15.052239
Volturino, Foggia, Puglia, Italia,41.477229,15.124241
Ordona, Foggia, Puglia, Italia,41.315529,15.627355
Zapponeta, Foggia, Puglia, Italia,41.4569644,15.9565315
Alessano, Lecce, Puglia, Italia,39.8896785,18.3312082
Alezio, Lecce, Puglia, Italia,40.061321,18.058224
Alliste, Lecce, Puglia, Italia,39.948618,18.088826
Andrano, Lecce, Puglia, Italia,39.9830189,18.3822022
Aradeo, Lecce, Puglia, Italia,40.130922,18.129625
Arnesano, Lecce, Puglia, Italia,40.3351996,18.0916278
Bagnolo del Salento, Lecce, Puglia, Italia,40.150624,18.35263
Botrugno, Lecce, Puglia, Italia,40.064722,18.32443
Calimera, Lecce, Puglia, Italia,40.2500221,18.2807272
Campi Salentina, Lecce, Puglia, Italia,40.3984955,18.0183191
Cannole, Lecce, Puglia, Italia,40.166225,18.36603
Caprarica di Lecce, Lecce, Puglia, Italia,40.258126,18.249026
Carmiano, Lecce, Puglia, Italia,40.344826,18.043021
Carpignano Salentino, Lecce, Puglia, Italia,40.1977814,18.3408272
Casarano, Lecce, Puglia, Italia,40.0108197,18.1617652
Castri di Lecce, Lecce, Puglia, Italia,40.273826,18.263327
Castrignano de' Greci, Lecce, Puglia, Italia,40.1738974,18.2970106
Castrignano del Capo, Lecce, Puglia, Italia,39.832318,18.351233
Cavallino, Lecce, Puglia, Italia,40.312527,18.200425
Collepasso, Lecce, Puglia, Italia,40.07302,18.1630729
Copertino, Lecce, Puglia, Italia,40.2716808,18.0502517
Corigliano d'Otranto, Lecce, Puglia, Italia,40.159624,18.259428
Corsano, Lecce, Puglia, Italia,39.889219,18.369333
Cursi, Lecce, Puglia, Italia,40.149624,18.314829
Cutrofiano, Lecce, Puglia, Italia,40.126323,18.201627
Diso, Lecce, Puglia, Italia,40.009522,18.392532
Gagliano del Capo, Lecce, Puglia, Italia,39.844218,18.369534
Galatina, Lecce, Puglia, Italia,40.1742781,18.1678388
Galatone, Lecce, Puglia, Italia,40.142922,18.070424
Gallipoli, Lecce, Puglia, Italia,40.05672,17.996423
Giuggianello, Lecce, Puglia, Italia,40.094423,18.368931
Giurdignano, Lecce, Puglia, Italia,40.121524,18.432732
Guagnano, Lecce, Puglia, Italia,40.401227,17.949018
Lecce, Puglia, Italia,,40.152217300000004,18.2260628338229
Lequile, Lecce, Puglia, Italia,40.305826,18.140223
Leverano, Lecce, Puglia, Italia,40.2894249,17.9994144
Lizzanello, Lecce, Puglia, Italia,40.304127,18.222525
Maglie, Lecce, Puglia, Italia,40.1184626,18.2988529
Martano, Lecce, Puglia, Italia,40.2036212,18.3019803
Martignano, Lecce, Puglia, Italia,40.237425,18.255227
Matino, Lecce, Puglia, Italia,40.0325103,18.1338533
Melendugno, Lecce, Puglia, Italia,40.2717007,18.3369115
Melissano, Lecce, Puglia, Italia,39.9710645,18.1257786
Melpignano, Lecce, Puglia, Italia,40.1570806,18.2930785
Miggiano, Lecce, Puglia, Italia,39.95972,18.311631
Minervino di Lecce, Lecce, Puglia, Italia,40.088424,18.420432
Monteroni di Lecce, Lecce, Puglia, Italia,40.324398,18.09759
Montesano Salentino, Lecce, Puglia, Italia,39.975621,18.321431
Morciano di Leuca, Lecce, Puglia, Italia,39.847818,18.312432
Muro Leccese, Lecce, Puglia, Italia,40.102323,18.33813
Nardò, Lecce, Puglia, Italia,40.1762608,18.0306371
Neviano, Lecce, Puglia, Italia,40.107722,18.114025
Nociglia, Lecce, Puglia, Italia,40.039222,18.326031
Novoli, Lecce, Puglia, Italia,40.378527,18.04922
Ortelle, Lecce, Puglia, Italia,40.0338964,18.3911204
Otranto, Lecce, Puglia, Italia,40.147825,18.485933
Palmariggi, Lecce, Puglia, Italia,40.1313217,18.3811757
Parabita, Lecce, Puglia, Italia,40.051921,18.129526
Patù, Lecce, Puglia, Italia,39.841218,18.338933
Poggiardo, Lecce, Puglia, Italia,40.054223,18.379132
Racale, Lecce, Puglia, Italia,39.963119,18.093826
Ruffano, Lecce, Puglia, Italia,39.9840916,18.2474756
Salice Salentino, Lecce, Puglia, Italia,40.3856618,17.9637483
Salve, Lecce, Puglia, Italia,39.861318,18.293332
Sanarica, Lecce, Puglia, Italia,40.089123,18.348731
San Cesario di Lecce, Lecce, Puglia, Italia,40.3029611,18.159865
San Donato di Lecce, Lecce, Puglia, Italia,40.268126,18.184225
Sannicola, Lecce, Puglia, Italia,40.091921,18.066124
San Pietro in Lama, Lecce, Puglia, Italia,40.308426,18.128623
Santa Cesarea Terme, Lecce, Puglia, Italia,40.036323,18.456834
Scorrano, Lecce, Puglia, Italia,40.091623,18.299629
Seclì, Lecce, Puglia, Italia,40.1301258,18.1005072
Sogliano Cavour, Lecce, Puglia, Italia,40.148823,18.195226
Soleto, Lecce, Puglia, Italia,40.1877075,18.2073718
Specchia, Lecce, Puglia, Italia,39.93712,18.297631
Spongano, Lecce, Puglia, Italia,40.017822,18.365632
Squinzano, Lecce, Puglia, Italia,40.436528,18.04182
Sternatia, Lecce, Puglia, Italia,40.222125,18.225226
Supersano, Lecce, Puglia, Italia,40.017721,18.243229
Surano, Lecce, Puglia, Italia,40.028322,18.345131
Surbo, Lecce, Puglia, Italia,40.396028,18.133422
Taurisano, Lecce, Puglia, Italia,39.956619,18.214129
Taviano, Lecce, Puglia, Italia,39.983519,18.086826
Tiggiano, Lecce, Puglia, Italia,39.905819,18.364433
Trepuzzi, Lecce, Puglia, Italia,40.4054719,18.0706204
Tricase, Lecce, Puglia, Italia,39.93042,18.355332
Tuglie, Lecce, Puglia, Italia,40.073821,18.098125
Ugento, Lecce, Puglia, Italia,39.926319,18.157428
Uggiano la Chiesa, Lecce, Puglia, Italia,40.101724,18.449333
Veglie, Lecce, Puglia, Italia,40.335126,17.965219
Vernole, Lecce, Puglia, Italia,40.289527,18.303527
Zollino, Lecce, Puglia, Italia,40.206006,18.2505893
San Cassiano, Arezzo, Toscana, Italia,43.3866601,11.9807887
Castro, Bergamo, Lombardia, Italia,45.802987,10.06706
Porto Cesareo, Lecce, Puglia, Italia,40.262824,17.898418
Presicce-Acquarica, Lecce, Puglia, Italia,39.9032408,18.2547975
Abriola, Potenza, Basilicata, Italia,40.5078822,15.8137603
Acerenza, Potenza, Basilicata, Italia,40.792121,15.936568
Albano di Lucania, Potenza, Basilicata, Italia,40.5844447,16.0367155
Anzi, Potenza, Basilicata, Italia,40.516615,15.924571
Armento, Potenza, Basilicata, Italia,40.307712,16.064977
Atella, Potenza, Basilicata, Italia,40.880321,15.650161
Avigliano, Potenza, Basilicata, Italia,40.729718,15.720264
Balvano, Potenza, Basilicata, Italia,40.650315,15.514161
Banzi, Potenza, Basilicata, Italia,40.8615588,16.0137679
Baragiano, Potenza, Basilicata, Italia,40.6797381,15.5939656
Barile, Potenza, Basilicata, Italia,40.946322,15.67266
Bella, Potenza, Basilicata, Italia,40.760917,15.54056
Brienza, Potenza, Basilicata, Italia,40.4778488,15.6301506
Brindisi Montagna, Potenza, Basilicata, Italia,40.609517,15.939771
Calvello, Potenza, Basilicata, Italia,40.476014,15.84857
Calvera, Potenza, Basilicata, Italia,40.149509,16.143881
Campomaggiore, Potenza, Basilicata, Italia,40.566012,16.0732169
Cancellara, Perugia, Umbria, Italia,42.9279122,12.7528658
Carbone, Potenza, Basilicata, Italia,40.142409,16.08938
San Paolo Albanese, Potenza, Basilicata, Italia,40.036708,16.334586
Castelgrande, Potenza, Basilicata, Italia,40.786617,15.430157
Castelluccio Inferiore, Potenza, Basilicata, Italia,40.003905,15.980879
Castelluccio Superiore, Potenza, Basilicata, Italia,40.010305,15.975079
Castelmezzano, Potenza, Basilicata, Italia,40.5302366,16.0465508
Castelsaraceno, Potenza, Basilicata, Italia,40.163708,15.991877
Castronuovo di Sant'Andrea, Potenza, Basilicata, Italia,40.19071,16.185481
Cersosimo, Potenza, Basilicata, Italia,40.047009,16.349386
Chiaromonte, Potenza, Basilicata, Italia,40.1240088,16.2138347
Corleto Perticara, Potenza, Basilicata, Italia,40.383513,16.040676
Episcopia, Potenza, Basilicata, Italia,40.074807,16.098181
Fardella, Potenza, Basilicata, Italia,40.113809,16.169782
Filiano, Potenza, Basilicata, Italia,40.8318792,15.7162915
Forenza, Potenza, Basilicata, Italia,40.8595834,15.8552685
Francavilla in Sinni, Potenza, Basilicata, Italia,40.0801916,16.203224
Gallicchio, Potenza, Basilicata, Italia,40.289012,16.139079
Genzano di Lucania, Potenza, Basilicata, Italia,40.8491023,16.0324631
Grumento Nova, Potenza, Basilicata, Italia,40.28281,15.888773
Guardia Perticara, Potenza, Basilicata, Italia,40.360513,16.098877
Lagonegro, Potenza, Basilicata, Italia,40.128306,15.761472
Latronico, Potenza, Basilicata, Italia,40.089807,16.011778
Laurenzana, Potenza, Basilicata, Italia,40.460514,15.970973
Lauria, Potenza, Basilicata, Italia,40.0473512,15.8365953
Lavello, Potenza, Basilicata, Italia,41.045625,15.790762
Maratea, Potenza, Basilicata, Italia,39.996703,15.722373
Marsico Nuovo, Potenza, Basilicata, Italia,40.423012,15.734868
Marsicovetere, Potenza, Basilicata, Italia,40.3766014,15.8244926
Maschito, Potenza, Basilicata, Italia,40.908922,15.829464
Melfi, Potenza, Basilicata, Italia,40.9961268,15.6556545
Missanello, Potenza, Basilicata, Italia,40.282012,16.16598
Moliterno, Potenza, Basilicata, Italia,40.241932,15.8690195
Montemilone, Potenza, Basilicata, Italia,41.030026,15.969266
Montemurro, Potenza, Basilicata, Italia,40.296911,15.991275
Muro Lucano, Potenza, Basilicata, Italia,40.752517,15.485759
Nemoli, Potenza, Basilicata, Italia,40.067505,15.800274
Noepoli, Potenza, Basilicata, Italia,40.086809,16.329685
Oppido Lucano, Potenza, Basilicata, Italia,40.76182,15.98667
Palazzo San Gervasio, Potenza, Basilicata, Italia,40.931324,15.980767
Pescopagano, Potenza, Basilicata, Italia,40.835618,15.398856
Picerno, Potenza, Basilicata, Italia,40.6384561,15.6358739
Pietragalla, Potenza, Basilicata, Italia,40.7475222,15.8806483
Pietrapertosa, Potenza, Basilicata, Italia,40.5180167,16.0632073
Pignola, Potenza, Basilicata, Italia,40.5736366,15.7835038
Potenza, Basilicata, Italia,,40.5183188,15.82095999021995
Rapolla, Potenza, Basilicata, Italia,40.975723,15.67126
Rapone, Potenza, Basilicata, Italia,40.846719,15.501158
Rionero in Vulture, Potenza, Basilicata, Italia,40.9261881,15.6694407
Ripacandida, Potenza, Basilicata, Italia,40.9117813,15.7247832
Rivello, Potenza, Basilicata, Italia,40.078005,15.756073
Roccanova, Potenza, Basilicata, Italia,40.212011,16.203181
Rotonda, Potenza, Basilicata, Italia,39.9527864,16.0390877
Ruoti, Potenza, Basilicata, Italia,40.718017,15.678963
Ruvo del Monte, Potenza, Basilicata, Italia,40.848819,15.541359
San Chirico Nuovo, Potenza, Basilicata, Italia,40.6767472,16.0785338
San Chirico Raparo, Potenza, Basilicata, Italia,40.1907152,16.0763475
San Costantino Albanese, Potenza, Basilicata, Italia,40.035808,16.304686
San Fele, Potenza, Basilicata, Italia,40.8193255,15.5384276
San Martino d'Agri, Potenza, Basilicata, Italia,40.23971,16.053078
San Severino Lucano, Potenza, Basilicata, Italia,40.020607,16.137882
Sant'Angelo Le Fratte, Potenza, Basilicata, Italia,40.545913,15.558963
Sant'Arcangelo, Potenza, Basilicata, Italia,40.247312,16.271182
Sarconi, Potenza, Basilicata, Italia,40.2478913,15.8903971
Sasso di Castalda, Potenza, Basilicata, Italia,40.488266,15.6779633
Satriano di Lucania, Potenza, Basilicata, Italia,40.543914,15.638265
Savoia di Lucania, Potenza, Basilicata, Italia,40.569813,15.552562
Senise, Potenza, Basilicata, Italia,40.1471578,16.289501
Spinoso, Potenza, Basilicata, Italia,40.2696937,15.9667687
Teana, Potenza, Basilicata, Italia,40.124809,16.151781
Terranova di Pollino, Potenza, Basilicata, Italia,39.978107,16.296286
Tito, Potenza, Basilicata, Italia,40.583615,15.675465
Tolve, Potenza, Basilicata, Italia,40.694219,16.016271
Tramutola, Potenza, Basilicata, Italia,40.31661,15.791071
Trecchina, Potenza, Basilicata, Italia,40.0256576,15.7767873
Trivigno, Potenza, Basilicata, Italia,40.581017,15.989872
Vaglio Basilicata, Potenza, Basilicata, Italia,40.6658732,15.9200695
Venosa, Potenza, Basilicata, Italia,40.961323,15.814863
Vietri di Potenza, Potenza, Basilicata, Italia,40.5986472,15.5072463
Viggianello, Potenza, Basilicata, Italia,39.9731948,16.0853528
Viggiano, Potenza, Basilicata, Italia,40.340711,15.900773
Ginestra, Potenza, Basilicata, Italia,40.929822,15.734562
Paterno, Potenza, Basilicata, Italia,40.378311,15.732769
Accettura, Matera, Basilicata, Italia,40.491016,16.157977
Aliano, Matera, Basilicata, Italia,40.3138266,16.2299609
Bernalda, Matera, Basilicata, Italia,40.4129181,16.6910968
Calciano, Matera, Basilicata, Italia,40.588018,16.192376
Cirigliano, Matera, Basilicata, Italia,40.394414,16.172578
Colobraro, Matera, Basilicata, Italia,40.187312,16.424986
Craco, Matera, Basilicata, Italia,40.379916,16.437084
Ferrandina, Matera, Basilicata, Italia,40.501218,16.454683
Garaguso, Matera, Basilicata, Italia,40.548418,16.227178
Gorgoglione, Matera, Basilicata, Italia,40.394414,16.144578
Grassano, Matera, Basilicata, Italia,40.63262,16.282778
Grottole, Matera, Basilicata, Italia,40.60102,16.37928
Irsina, Matera, Basilicata, Italia,40.7444119,16.2427058
Matera, Basilicata, Italia,,40.447641899999994,16.47357384028852
Miglionico, Matera, Basilicata, Italia,40.56842,16.502484
Montalbano Jonico, Matera, Basilicata, Italia,40.2884103,16.5681711
Montescaglioso, Matera, Basilicata, Italia,40.552221,16.666887
Nova Siri, Matera, Basilicata, Italia,40.148212,16.538889
Oliveto Lucano, Matera, Basilicata, Italia,40.535317,16.184577
Pisticci, Matera, Basilicata, Italia,40.3905273,16.5567323
Policoro, Matera, Basilicata, Italia,40.2104595,16.6763759
Pomarico, Matera, Basilicata, Italia,40.5179442,16.5459445
Rotondella, Matera, Basilicata, Italia,40.171312,16.525589
Salandra, Matera, Basilicata, Italia,40.527518,16.31918
San Giorgio Lucano, Matera, Basilicata, Italia,40.11191,16.387986
San Mauro Forte, Matera, Basilicata, Italia,40.487117,16.248079
Stigliano, Matera, Basilicata, Italia,40.4012383,16.2315939
Tricarico, Matera, Basilicata, Italia,40.620076,16.1436174
Tursi, Matera, Basilicata, Italia,40.245213,16.469687
Valsinni, Matera, Basilicata, Italia,40.169912,16.443487
Scanzano Jonico, Matera, Basilicata, Italia,40.2497921,16.6980396
Acquaformosa, Cosenza, Calabria, Italia,39.7231,16.089885
Acquappesa, Cosenza, Calabria, Italia,39.493695,15.952084
Acri, Cosenza, Calabria, Italia,39.493005,16.3849498
Aiello Calabro, Cosenza, Calabria, Italia,39.1174689,16.1666633
Aieta, Cosenza, Calabria, Italia,39.9285754,15.8239803
Albidona, Cosenza, Calabria, Italia,39.9241209,16.4698691
Alessandria del Carretto, Cosenza, Calabria, Italia,39.958107,16.379488
Altilia, Cosenza, Calabria, Italia,39.13049,16.252695
Altomonte, Cosenza, Calabria, Italia,39.6978818,16.1271277
Amantea, Cosenza, Calabria, Italia,39.133189,16.074591
Amendolara, Cosenza, Calabria, Italia,39.9524383,16.5822838
Aprigliano, Cosenza, Calabria, Italia,39.241693,16.341796
Belmonte Calabro, Cosenza, Calabria, Italia,39.1622028,16.082536
Belsito, Cosenza, Calabria, Italia,39.177191,16.288295
Belvedere Marittimo, Cosenza, Calabria, Italia,39.6179734,15.8618527
Bianchi, Cosenza, Calabria, Italia,39.100891,16.410099
Bisignano, Cosenza, Calabria, Italia,39.5001974,16.2744614
Bocchigliero, Cosenza, Calabria, Italia,39.419799,16.749002
Bonifati, Cosenza, Calabria, Italia,39.585296,15.900282
Buonvicino, Cosenza, Calabria, Italia,39.6901767,15.8839994
Calopezzati, Cosenza, Calabria, Italia,39.5606726,16.8011583
Caloveto, Cosenza, Calabria, Italia,39.5058502,16.7595486
Campana, Cosenza, Calabria, Italia,39.4124481,16.8225645
Canna, Cosenza, Calabria, Italia,40.093911,16.504289
Cariati, Cosenza, Calabria, Italia,39.4962505,16.9474478
Carolei, Cosenza, Calabria, Italia,39.256292,16.220093
Carpanzano, Cosenza, Calabria, Italia,39.147491,16.303296
Cassano all'Ionio, Cosenza, Calabria, Italia,39.7850225,16.3159275
Castiglione Cosentino, Cosenza, Calabria, Italia,39.3516387,16.2844314
Castrolibero, Cosenza, Calabria, Italia,39.308093,16.194392
Castroregio, Cosenza, Calabria, Italia,39.992408,16.47759
Castrovillari, Cosenza, Calabria, Italia,39.8154937,16.202772
Celico, Cosenza, Calabria, Italia,39.310094,16.339895
Cellara, Cosenza, Calabria, Italia,39.218492,16.334796
Cerchiara di Calabria, Cosenza, Calabria, Italia,39.860405,16.382789
Cerisano, Cosenza, Calabria, Italia,39.276092,16.175392
Cervicati, Cosenza, Calabria, Italia,39.542497,16.128287
Cerzeto, Cosenza, Calabria, Italia,39.507796,16.114988
Cetraro, Cosenza, Calabria, Italia,39.516595,15.941584
Civita, Cosenza, Calabria, Italia,39.828804,16.312488
Cleto, Cosenza, Calabria, Italia,39.090189,16.158393
Colosimi, Cosenza, Calabria, Italia,39.119091,16.399698
Cosenza, Calabria, Italia,,39.596685300000004,16.333055599019605
Cropalati, Cosenza, Calabria, Italia,39.517201,16.726501
Crosia, Cosenza, Calabria, Italia,39.567602,16.772801
Diamante, Cosenza, Calabria, Italia,39.6777304,15.8211279
Dipignano, Cosenza, Calabria, Italia,39.237492,16.253094
Domanico, Cosenza, Calabria, Italia,39.219691,16.206093
Fagnano Castello, Cosenza, Calabria, Italia,39.565697,16.0536725
Falconara Albanese, Cosenza, Calabria, Italia,39.275892,16.09179
Figline Vegliaturo, Cosenza, Calabria, Italia,39.225192,16.330296
Fermo, Marche, Italia,,43.0922489,13.638768067263769
Fiumefreddo Bruzio, Cosenza, Calabria, Italia,39.2344269,16.0695171
Francavilla Marittima, Cosenza, Calabria, Italia,39.8178465,16.3866436
Frascineto, Cosenza, Calabria, Italia,39.836404,16.261987
Fuscaldo, Cosenza, Calabria, Italia,39.414294,16.029787
Grimaldi, Cosenza, Calabria, Italia,39.14199,16.235694
Grisolia, Cosenza, Calabria, Italia,39.724499,15.854179
Guardia Piemontese, Cosenza, Calabria, Italia,39.4661627,15.9992591
Lago, Cosenza, Calabria, Italia,39.1667671,16.1491349
Laino Borgo, Cosenza, Calabria, Italia,39.95352,15.9737191
Laino Castello, Cosenza, Calabria, Italia,39.936304,15.97658
Lappano, Cosenza, Calabria, Italia,39.319506,16.3121661
Lattarico, Cosenza, Calabria, Italia,39.4633777,16.1378293
Longobardi, Cosenza, Calabria, Italia,39.20709,16.07649
Longobucco, Cosenza, Calabria, Italia,39.448299,16.610499
Lungro, Cosenza, Calabria, Italia,39.7422654,16.1228246
Luzzi, Cosenza, Calabria, Italia,39.446105,16.287255
Maierà, Cosenza, Calabria, Italia,39.717518,15.8493274
Malito, Cosenza, Calabria, Italia,39.15499,16.248595
Malvito, Cosenza, Calabria, Italia,39.599698,16.053285
Mandatoriccio, Cosenza, Calabria, Italia,39.467201,16.834804
Mangone, Cosenza, Calabria, Italia,39.205592,16.331996
Marano Marchesato, Cosenza, Calabria, Italia,39.315993,16.173791
Marano Principato, Cosenza, Calabria, Italia,39.299593,16.175091
Marzi, Cosenza, Calabria, Italia,39.170791,16.306396
Mendicino, Cosenza, Calabria, Italia,39.2635962,16.1953516
Mongrassano, Cosenza, Calabria, Italia,39.526897,16.110587
Montalto Uffugo, Cosenza, Calabria, Italia,39.404795,16.15799
Montegiordano, Cosenza, Calabria, Italia,40.04301,16.534391
Morano Calabro, Cosenza, Calabria, Italia,39.8439407,16.135613
Mormanno, Cosenza, Calabria, Italia,39.888303,15.98678
Mottafollone, Cosenza, Calabria, Italia,39.648699,16.063385
Nocara, Cosenza, Calabria, Italia,40.099411,16.481889
Oriolo, Cosenza, Calabria, Italia,40.053809,16.446088
Orsomarso, Cosenza, Calabria, Italia,39.8001724,15.9095285
Paludi, Cosenza, Calabria, Italia,39.5293945,16.6815689
Panettieri, Cosenza, Calabria, Italia,39.05999,16.4567
Paola, Cosenza, Calabria, Italia,39.359893,16.039588
Papasidero, Cosenza, Calabria, Italia,39.8719154,15.9055522
Parenti, Cosenza, Calabria, Italia,39.162192,16.410498
Paterno Calabro, Cosenza, Calabria, Italia,39.228492,16.264894
Pedivigliano, Cosenza, Calabria, Italia,39.10949,16.302896
Piane Crati, Cosenza, Calabria, Italia,39.234093,16.325495
Pietrafitta, Cosenza, Calabria, Italia,39.261393,16.338595
Pietrapaola, Cosenza, Calabria, Italia,39.487501,16.815803
Plataci, Cosenza, Calabria, Italia,39.900406,16.43199
Praia a Mare, Cosenza, Calabria, Italia,39.900902,15.779276
Rende, Cosenza, Calabria, Italia,39.3319934,16.1843828
Rocca Imperiale, Cosenza, Calabria, Italia,40.109711,16.580191
Roggiano Gravina, Cosenza, Calabria, Italia,39.618199,16.159687
Rogliano, Cosenza, Calabria, Italia,39.178764,16.3234092
Rose, Cosenza, Calabria, Italia,39.398495,16.287193
Roseto Capo Spulico, Cosenza, Calabria, Italia,39.987009,16.601693
Rota Greca, Cosenza, Calabria, Italia,39.468496,16.112588
Rovito, Cosenza, Calabria, Italia,39.307994,16.321094
San Basile, Cosenza, Calabria, Italia,39.809603,16.163285
San Benedetto Ullano, Cosenza, Calabria, Italia,39.427095,16.123789
San Cosmo Albanese, Cosenza, Calabria, Italia,39.5831,16.420193
San Demetrio Corone, Cosenza, Calabria, Italia,39.569899,16.361492
San Donato di Ninea, Cosenza, Calabria, Italia,39.7116002,16.0484912
San Fili, Cosenza, Calabria, Italia,39.338893,16.14349
Sangineto, Cosenza, Calabria, Italia,39.604797,15.914882
San Giorgio Albanese, Cosenza, Calabria, Italia,39.5818179,16.4541868
San Giovanni in Fiore, Cosenza, Calabria, Italia,39.2529756,16.6973766
San Lorenzo Bellizzi, Cosenza, Calabria, Italia,39.889205,16.330288
San Lorenzo del Vallo, Cosenza, Calabria, Italia,39.668201,16.29739
San Lucido, Cosenza, Calabria, Italia,39.308892,16.050788
San Marco Argentano, Cosenza, Calabria, Italia,39.5574078,16.1190892
San Martino di Finita, Cosenza, Calabria, Italia,39.490596,16.109788
San Nicola Arcella, Cosenza, Calabria, Italia,39.8481737,15.7949706
San Pietro in Amantea, Cosenza, Calabria, Italia,39.136389,16.111592
San Pietro in Guarano, Cosenza, Calabria, Italia,39.3420944,16.3112472
San Sosti, Cosenza, Calabria, Italia,39.6609483,16.0282277
Santa Caterina Albanese, Cosenza, Calabria, Italia,39.5861189,16.0704791
Santa Domenica Talao, Cosenza, Calabria, Italia,39.819501,15.854578
Sant'Agata di Esaro, Cosenza, Calabria, Italia,39.622798,15.983783
Santa Maria del Cedro, Cosenza, Calabria, Italia,39.746199,15.836379
Santa Sofia d'Epiro, Cosenza, Calabria, Italia,39.5470904,16.3291171
Santo Stefano di Rogliano, Cosenza, Calabria, Italia,39.192492,16.318196
San Vincenzo La Costa, Cosenza, Calabria, Italia,39.365194,16.15169
Saracena, Cosenza, Calabria, Italia,39.7768368,16.1564716
Scala Coeli, Cosenza, Calabria, Italia,39.449801,16.885405
Scalea, Cosenza, Calabria, Italia,39.8166598,15.7905473
Scigliano, Cosenza, Calabria, Italia,39.1286884,16.3082134
Serra d'Aiello, Cosenza, Calabria, Italia,39.090288,16.127493
Spezzano Albanese, Cosenza, Calabria, Italia,39.668801,16.31049
Spezzano della Sila, Cosenza, Calabria, Italia,39.2994106,16.3394496
Tarsia, Cosenza, Calabria, Italia,39.6209,16.27169
Terranova da Sibari, Cosenza, Calabria, Italia,39.656901,16.339491
Terravecchia, Cosenza, Calabria, Italia,39.464901,16.946006
Torano Castello, Cosenza, Calabria, Italia,39.506296,16.145588
Tortora, Cosenza, Calabria, Italia,39.941303,15.805176
Trebisacce, Cosenza, Calabria, Italia,39.8701066,16.530667
Vaccarizzo Albanese, Cosenza, Calabria, Italia,39.5854,16.432894
Verbicaro, Cosenza, Calabria, Italia,39.7556,15.91358
Villapiana, Cosenza, Calabria, Italia,39.846505,16.455191
Zumpano, Cosenza, Calabria, Italia,39.310894,16.292094
Casali del Manco, Cosenza, Calabria, Italia,39.2948328,16.4501089
Corigliano-Rossano, Cosenza, Calabria, Italia,39.616315,16.5778956
Belvedere di Spinello, Crotone, Calabria, Italia,39.2119442,16.8893176
Caccuri, Crotone, Calabria, Italia,39.2274164,16.7785692
Carfizzi, Crotone, Calabria, Italia,39.3063599,16.9737915
Casabona, Crotone, Calabria, Italia,39.2502845,16.9606589
Castelsilano, Crotone, Calabria, Italia,39.2690337,16.7674533
Cerenzia, Crotone, Calabria, Italia,39.2440865,16.7883328
Cirò, Crotone, Calabria, Italia,39.381732,17.0613529
Cirò Marina, Crotone, Calabria, Italia,39.3690917,17.1328568
Cotronei, Crotone, Calabria, Italia,39.1583504,16.7735052
Crotone, Calabria, Italia,,39.1873894,16.87828188895307
Crucoli, Crotone, Calabria, Italia,39.423701,17.002308
Cutro, Crotone, Calabria, Italia,39.0354447,16.9792627
Isola di Capo Rizzuto, Crotone, Calabria, Italia,38.959993,17.093315
Melissa, Crotone, Calabria, Italia,39.3073729,17.0259873
Mesoraca, Crotone, Calabria, Italia,39.0801269,16.789599
Pallagorio, Crotone, Calabria, Italia,39.3076929,16.9109837
Petilia Policastro, Crotone, Calabria, Italia,39.1094105,16.7886538
Roccabernarda, Crotone, Calabria, Italia,39.1360869,16.8697909
Rocca di Neto, Crotone, Calabria, Italia,39.184386,17.009067
San Mauro Marchesato, Crotone, Calabria, Italia,39.1044055,16.9244389
San Nicola dell'Alto, Crotone, Calabria, Italia,39.2913484,16.972244
Santa Severina, Crotone, Calabria, Italia,39.1479012,16.9127762
Savelli, Perugia, Umbria, Italia,42.7264537,13.1266875
Scandale, Crotone, Calabria, Italia,39.1222128,16.9641231
Strongoli, Crotone, Calabria, Italia,39.2639586,17.0520257
Umbriatico, Crotone, Calabria, Italia,39.3545008,16.9187095
Verzino, Crotone, Calabria, Italia,39.311098,16.860406
Albi, Catanzaro, Calabria, Italia,39.02499,16.596404
Amaroni, Catanzaro, Calabria, Italia,38.793085,16.448103
Amato, Catanzaro, Calabria, Italia,38.941788,16.462202
Andali, Catanzaro, Calabria, Italia,39.013391,16.768407
Argusto, Catanzaro, Calabria, Italia,38.680783,16.435404
Badolato, Catanzaro, Calabria, Italia,38.568681,16.524607
Belcastro, Catanzaro, Calabria, Italia,39.017992,16.786408
Borgia, Catanzaro, Calabria, Italia,38.826186,16.508804
Botricello, Catanzaro, Calabria, Italia,38.93199,16.85831
Caraffa di Catanzaro, Catanzaro, Calabria, Italia,38.881287,16.485603
Cardinale, Catanzaro, Calabria, Italia,38.642336,16.3874801
Carlopoli, Catanzaro, Calabria, Italia,39.05669,16.4549
Catanzaro, Calabria, Italia,,38.82996034999999,16.43155687627833
Cenadi, Catanzaro, Calabria, Italia,38.719483,16.417203
Centrache, Catanzaro, Calabria, Italia,38.728984,16.432103
Cerva, Catanzaro, Calabria, Italia,39.018824,16.7427491
Chiaravalle Centrale, Catanzaro, Calabria, Italia,38.680383,16.410603
Cicala, Catanzaro, Calabria, Italia,39.02219,16.486101
Conflenti, Catanzaro, Calabria, Italia,39.071689,16.284496
Cortale, Catanzaro, Calabria, Italia,38.840086,16.409602
Cropani, Catanzaro, Calabria, Italia,38.967791,16.781308
Curinga, Catanzaro, Calabria, Italia,38.826185,16.3134
Davoli, Catanzaro, Calabria, Italia,38.647383,16.486205
Decollatura, Catanzaro, Calabria, Italia,39.047789,16.355098
Falerna, Catanzaro, Calabria, Italia,38.99555915,16.162568470246924
Feroleto Antico, Catanzaro, Calabria, Italia,38.9610947,16.3883274
Fossato Serralta, Catanzaro, Calabria, Italia,38.99629,16.579604
Gagliato, Catanzaro, Calabria, Italia,38.6769784,16.4626464
Gasperina, Catanzaro, Calabria, Italia,38.7396499,16.5073811
Gimigliano, Catanzaro, Calabria, Italia,38.974489,16.530503
Girifalco, Catanzaro, Calabria, Italia,38.8233552,16.4263838
Gizzeria, Catanzaro, Calabria, Italia,38.979987,16.203296
Guardavalle, Catanzaro, Calabria, Italia,38.50498,16.503507
Isca sullo Ionio, Catanzaro, Calabria, Italia,38.601282,16.519607
Jacurso, Catanzaro, Calabria, Italia,38.84618,16.3800424
Magisano, Catanzaro, Calabria, Italia,39.01339,16.627904
Maida, Catanzaro, Calabria, Italia,38.8588409,16.3648239
Marcedusa, Catanzaro, Calabria, Italia,39.027792,16.836309
Marcellinara, Catanzaro, Calabria, Italia,38.9280929,16.4930774
Martirano, Catanzaro, Calabria, Italia,39.081748,16.2484787
Martirano Lombardo, Catanzaro, Calabria, Italia,39.0749491,16.2327589
Miglierina, Catanzaro, Calabria, Italia,38.948986,16.4719316
Montauro, Catanzaro, Calabria, Italia,38.7487702,16.5129098
Montepaone, Catanzaro, Calabria, Italia,38.7214578,16.498972
Motta Santa Lucia, Catanzaro, Calabria, Italia,39.09189,16.292396
Via Nocera Tirinese, Catanzaro, Calabria, Italia,38.9127297,16.7254593
Olivadi, Catanzaro, Calabria, Italia,38.725584,16.423703
Palermiti, Catanzaro, Calabria, Italia,38.7485342,16.4522163
Pentone, Catanzaro, Calabria, Italia,38.98579,16.582504
Petrizzi, Catanzaro, Calabria, Italia,38.701383,16.473005
Petronà, Catanzaro, Calabria, Italia,39.043692,16.755907
Pianopoli, Catanzaro, Calabria, Italia,38.9539171,16.3881254
Platania, Catanzaro, Calabria, Italia,39.005388,16.320098
San Floro, Catanzaro, Calabria, Italia,38.837986,16.518704
San Mango d'Aquino, Catanzaro, Calabria, Italia,39.060284,16.1937065
San Pietro a Maida, Catanzaro, Calabria, Italia,38.8468043,16.3434539
San Pietro Apostolo, Catanzaro, Calabria, Italia,39.004389,16.468401
San Sostene, Catanzaro, Calabria, Italia,38.637882,16.487106
Santa Caterina dello Ionio, Catanzaro, Calabria, Italia,38.532681,16.522007
Sant'Andrea Apostolo dello Ionio, Catanzaro, Calabria, Italia,38.622582,16.528307
San Vito sullo Ionio, Catanzaro, Calabria, Italia,38.711783,16.409703
Satriano, Catanzaro, Calabria, Italia,38.666883,16.481205
Sellia, Catanzaro, Calabria, Italia,38.9822836,16.6296843
Sellia Marina, Catanzaro, Calabria, Italia,38.8996253,16.7443298
Serrastretta, Catanzaro, Calabria, Italia,39.013189,16.4163
Sersale, Catanzaro, Calabria, Italia,39.010891,16.726907
Settingiano, Catanzaro, Calabria, Italia,38.911388,16.513903
Simeri Crichi, Catanzaro, Calabria, Italia,38.9096442,16.65601784945034
Sorbo San Basile, Catanzaro, Calabria, Italia,39.01939,16.569103
Soverato, Catanzaro, Calabria, Italia,38.687717,16.5500442
Soveria Mannelli, Catanzaro, Calabria, Italia,39.08289,16.371898
Soveria Simeri, Catanzaro, Calabria, Italia,38.946589,16.680106
Squillace, Catanzaro, Calabria, Italia,38.779485,16.512205
Stalettì, Catanzaro, Calabria, Italia,38.765485,16.537605
Taverna, Catanzaro, Calabria, Italia,39.02179,16.581803
Tiriolo, Catanzaro, Calabria, Italia,38.943288,16.508303
Torre di Ruggiero, Catanzaro, Calabria, Italia,38.653382,16.372803
Vallefiorita, Catanzaro, Calabria, Italia,38.776385,16.461003
